{
  "ents_f": 85.8587845242,
  "ents_p": 86.3317889027,
  "ents_r": 85.3909350025,
  "las": 89.6616629074,
  "tags_acc": 96.7783856079,
  "token_acc": 99.0697323163,
  "uas": 91.5287392082
}